sl,ip,hostname
sys_ip,10.132.10.101,test1.isl.co.in
sys_ip,10.132.10.102,test2.isl.co.in
sys_ip,10.132.10.103,test3.isl.co.in
sys_ip,10.132.10.104,test4.isl.co.in
sys_ip,10.132.10.105,test5.isl.co.in
sys_ip,10.132.10.106,test6.isl.co.in
sys_ip,10.132.10.107,test7.isl.co.in
sys_ip,10.132.10.108,test8.isl.co.in
sys_ip,10.132.10.109,test9.isl.co.in
sys_ip,10.132.10.110,test10.isl.co.in
sys_ip,10.132.10.111,test11.isl.co.in
sys_ip,10.132.10.112,test12.isl.co.in
sys_ip,10.132.10.113,test13.isl.co.in
sys_ip,10.132.10.114,test14.isl.co.in
sys_ip,10.132.10.115,test15.isl.co.in
sys_ip,10.132.10.116,test16.isl.co.in
sys_ip,10.132.10.117,test17.isl.co.in
sys_ip,10.132.10.118,test18.isl.co.in
